id,concept_id,description
1,16,"스트림 프로세싱 기술은 빅데이터 시대에 데이터 분석과 보안에 대한 관심이 높아지면서 요구가 늘어나고 있습니다. 아파치 플링크(Apache Flink)와 같은 최근 주목받는 스트림 프로세싱 플랫폼은 데이터 분석 및 처리를 향상시키는 데 도움이 됩니다. -> [{'persona': '본 아티클은 빅데이터 시대에 데이터 분석과 보안에 대한 관심이 높아지면서 <b>스트림 프로세싱</b> 기술 수요가 늘어나고 있다고 주장합니다.', 'decision': 'True', 'detailed': '아티클은 <b>스트림 프로세싱</b>의 정의와 주요 프레임워크를 알아보고 최근 주목 받고 있는 아파치 플링크(Apache Flink)에 대해 살펴보겠습니다.'}, {'persona': '작성자가 중학생 수준의 기술 지식을 가진 일반 사용자입니다.', 'decision': 'True', 'detailed': '자바 버전 역사 문서에는 유지보수 담당자가 Oracle이었고, 레드햇이 2020년에 J2SE 1.3 코드명의 Java IDL 컬렉션 프레임워크 J2SE 1.3를 제공했습니다. 이는 자바 플러그인 CORBA 상호 운용성을 위한 IDL 구현체입니다.'}, {'persona': '데브원영 직강은 현업 데이터 엔지니어로, 아파치 카프카를 활용하여 데이터 파이프라인을 구축하고 있습니다.', 'decision': 'True', 'detailed': '카프카는 데이터 스트림 처리를 위한 분산형 토픽 구조 및 프로세서 제공합니다. 이는 데이터 파이프라인 구축에 효율적인 도구입니다.'}]"
2,11,"상기된 문서는 재정의 가능성을 포함하여 메서드 노출 범위를 결정해야 합니다. 생성자는 재정의 가능성을 확인하여 상위 클래스의 편의 생성자도 자동 상속합니다. -> [{'persona': '본 문서 작성자는 Effective Java 2nd Edition 저자와 상속 관련 문헌을 이해하고 재정의 가능한 메서드 호출의 문제점에 관심있습니다.', 'decision': 'True', 'detailed': '생성자에서 재정의 가능한 메서드를 호출하면 상속용 클래스 설계 시 메서드 노출 범위를 결정하고 생성자에서 재정의 가능한 메서드를 호출하는 것이 주의해야 합니다.'}, {'persona': '본 문서는 C# 언어의 클래스 설계에 대한 정보를 제공합니다. 작성자는 중립적인 검증자이며, 검증은 정확한 사실에 기반하여 이루어져야 합니다.', 'decision': 'True', 'detailed': '상속용 클래스 설계 시 메서드 노출 범위를 결정하고 생성자에서 재정의 가능한 메서드를 호출하는 것을 주의해야 합니다. 이는 코드의 유연성과 보안성을 향상시킵니다.'}, {'persona': '상기된 문서는 상속용 클래스 설계를 위한 정보를 제공하고 있으며, 작성자는 재정의 가능성을 포함한 메서드 노출 범위 결정에 주의해야 한다고 주장합니다.', 'decision': 'True', 'detailed': '상기된 문서는 상속된 클래스에서 재정의 가능성을 확인하기 위해 생성자를 검토하고 있으며, 재정의 가능성이 확인된 경우 상위 클래스의 편의 생성자도 자동 상속된다는 점을 언급합니다.'}]"
3,8,"AbstractCollection.remove() 메서드는 iterator 의 remove 메서드 지원 여부를 확인하여 동작합니다. 만약 iterator의 remove 메서드가 지원하지 않으면 UnsupportedOperationException이 발생합니다.
따라서 AbstractCollection 클래스의 remove() 메서드는 수정 가능한 컬렉션에만 사용할 수 있습니다. -> [{'persona': 'AbstractCollection.remove() 메서드 작성자는 중립적인 검증자입니다.', 'decision': 'True', 'detailed': 'AbstractCollection.remove() 메서드는 iterator 메서드로 얻은 반복자의 remove 메서드 지원 여부를 확인하여 동작합니다. 만약 iterator의 remove 메서드가 지원하지 않으면 UnsupportedOperationException이 발생합니다. 이는 예상치 못한 상태입니다.'}, {'persona': '이 문서는 Android Developers 웹사이트에서 제공하는 AbstractCollection 클래스 설명 페이지를 작성한 개발자입니다.', 'decision': 'True', 'detailed': 'AbstractCollection 클래스는 Collection 인터페이스의 기본 구현체를 제공하며, 수정 가능한 컬렉션을 만드는 데는 add 메서드를 오버라이드해야 합니다. iterator의 remove 메서드 지원 여부를 확인하여 remove() 메서드를 사용할 수 있습니다.'}, {'persona': 'AbstractCollection 클래스 개발자는 unmodifiable 컬렉션을 구현하려면 iterator 의 remove 메서드 지원 여부를 확인해야 합니다.', 'decision': 'True', 'detailed': 'AbstractCollection 클래스의 remove() 메서드는 iterator 의 remove 메서드 지원 여부를 확인하여 동작합니다. 만약 iterator의 remove 메서드가 지원하지 않으면 UnsupportedOperationException이 발생합니다.'}]"
4,4,"다수의 소프트웨어 엔지니어들이 제네릭 가변인수의 타입 안전성과 실무 유용성에 대해 논의했습니다.
검증 결과에 따르면, 제네릭 가변인수는 타입 안전하지 않습니다. 하지만 실무적으로 유용하기 때문에 허용합니다. 하지만 배열에 아무것도 저장하지 않거나 신뢰할 수 없는 코드에 노출하면 타입 안전성을 위협합니다. -> [{'persona': '제네릭 가변인수는 타입 안전성을 위협할 수 있지만, 실무에서 유용하기 때문에 허용됩니다.', 'decision': 'True', 'detailed': '제네릭 가변인수는 배열에 아무것도 저장하지 않거나 신뢰할 수 없는 코드에 노출하면 타입 안전성을 위협할 수 있습니다.'}, {'persona': '본 문서 작성자는 제네릭 가변인수가 타입 안전하지 않지만 실무에서 유용하기 때문에 허용한다고 주장합니다.', 'decision': 'True', 'detailed': '제네릭 가변인수는 배열과 직접 연결할 수 없지만, 제네릭과 가변인수를 함께 사용하여 제네릭 배열을 만들 수 있습니다. 하지만 이 경우 비검사 경고만 발생하고 컴파일은 정상적으로 진행됩니다.'}, {'persona': '본 문서 작성자가 제네릭 가변인수와 배열 간의 타입 안전성에 대해 논의합니다.', 'decision': 'True', 'detailed': '검증 결과에 따르면, 제네릭 가변인수는 타입 안전하지 않습니다. 하지만 실무적으로 유용하기 때문에 허용됩니다. 하지만 배열에 아무것도 저장하지 않거나 신뢰할 수 없는 코드에 노출하면 타입 안전성을 위협합니다.'}]"
