{
    "os": "macOS-15.2-arm64-arm-64bit",
    "python": "3.12.8",
    "heartbeatAt": "2025-01-30T08:22:20.892465",
    "startedAt": "2025-01-30T08:22:20.052498",
    "docker": null,
    "cuda": null,
    "args": [],
    "state": "running",
    "program": "/Users/bachtaeyeong/10_SrcHub/BrainBeaver/python/app.py",
    "codePathLocal": "app.py",
    "codePath": "python/app.py",
    "git": {
        "remote": "https://github.com/tae0y/BrainBeaver.git",
        "commit": "e3316672bbbffb714d9840090cea5de60f88a508"
    },
    "email": "tae0yp@gmail.com",
    "root": "/Users/bachtaeyeong/10_SrcHub/BrainBeaver",
    "host": "Galactic-MacBook-Air.local",
    "username": "bachtaeyeong",
    "executable": "/Users/bachtaeyeong/10_SrcHub/BrainBeaver/.venv/bin/python",
    "cpu_count": 8,
    "cpu_count_logical": 8,
    "cpu_freq": {
        "current": 3204,
        "min": 600,
        "max": 3204
    },
    "cpu_freq_per_core": [
        {
            "current": 3204,
            "min": 600,
            "max": 3204
        }
    ],
    "disk": {
        "/": {
            "total": 460.4317207336426,
            "used": 10.432456970214844
        }
    },
    "gpuapple": {
        "type": "arm",
        "vendor": "Apple"
    },
    "memory": {
        "total": 16.0
    }
}
